{
    "elapsed_time_sec": 13.351837873458862,
    "files": {
        "./test/testme.py": {
            "functions": [
                {
                    "line": "doit1",
                    "lineno": 8,
                    "memory_samples": [
                        13.014904022216797,
                        14.525557518005371,
                        13.262816429138184,
                        16.176448822021484,
                        11.743648529052734,
                        4.485683441162109,
                        3.091160774230957,
                        1.613560676574707,
                        -0.02654552459716797
                    ],
                    "n_avg_mb": 0.0,
                    "n_copy_mb_s": 0.0,
                    "n_cpu_percent_c": 14.33054036777285,
                    "n_cpu_percent_python": 56.516330658699204,
                    "n_gpu_percent": 0,
                    "n_growth_mb": 13.412849426269531,
                    "n_malloc_mb": 2366.006996154785,
                    "n_mallocs": 243,
                    "n_peak_mb": 13.412849426269531,
                    "n_python_fraction": 0.3719217733258559,
                    "n_sys_percent": 2.6697258686575753,
                    "n_usage_fraction": 0.9809381559797007
                },
                {
                    "line": "doit2",
                    "lineno": 19,
                    "memory_samples": [],
                    "n_avg_mb": 0.0,
                    "n_copy_mb_s": 0.0,
                    "n_cpu_percent_c": 2.6938995773849297,
                    "n_cpu_percent_python": 11.548875266026032,
                    "n_gpu_percent": 0,
                    "n_growth_mb": 0.0,
                    "n_malloc_mb": 0.0,
                    "n_mallocs": 81,
                    "n_peak_mb": 0.0,
                    "n_python_fraction": 0,
                    "n_sys_percent": 0.5660264673943382,
                    "n_usage_fraction": 0.0
                },
                {
                    "line": "stuff",
                    "lineno": 45,
                    "memory_samples": [
                        46.0711030960083,
                        7.97879695892334,
                        0.0,
                        0.0,
                        0.0,
                        0.0,
                        0.0,
                        0.0,
                        0.0
                    ],
                    "n_avg_mb": 0.0,
                    "n_copy_mb_s": 0.0,
                    "n_cpu_percent_c": 0.0,
                    "n_cpu_percent_python": 0.0,
                    "n_gpu_percent": 0,
                    "n_growth_mb": 38.58018112182617,
                    "n_malloc_mb": 38.58018112182617,
                    "n_mallocs": 1,
                    "n_peak_mb": 38.58018112182617,
                    "n_python_fraction": 0.0004198901796234032,
                    "n_sys_percent": 0.0,
                    "n_usage_fraction": 0.015995207025385823
                }
            ],
            "lines": [
                {
                    "line": "import numpy as np\n",
                    "lineno": 1,
                    "memory_samples": [
                        1.4780073165893555,
                        3.049875259399414,
                        4.5293684005737305,
                        6.013333320617676,
                        7.490921974182129,
                        0.0,
                        0.0,
                        0.0,
                        0.0
                    ],
                    "n_avg_mb": 1.4780073165893555,
                    "n_copy_mb_s": 0.4095017385821747,
                    "n_cpu_percent_c": 10.66981604161429,
                    "n_cpu_percent_python": 0.9942248895600196,
                    "n_gpu_percent": 0,
                    "n_growth_mb": 5.918671607971191,
                    "n_malloc_mb": 7.396678924560547,
                    "n_mallocs": 1,
                    "n_peak_mb": 5.918671607971191,
                    "n_python_fraction": 0.001730946839196209,
                    "n_sys_percent": 0.010560862890262592,
                    "n_usage_fraction": 0.0030666369949134626
                },
                {
                    "line": "from numpy import linalg as LA\n",
                    "lineno": 4,
                    "memory_samples": [],
                    "n_avg_mb": 0.0,
                    "n_copy_mb_s": 0.0,
                    "n_cpu_percent_c": 0.0,
                    "n_cpu_percent_python": 0.0,
                    "n_gpu_percent": 0,
                    "n_growth_mb": 0.0,
                    "n_malloc_mb": 0.0,
                    "n_mallocs": 1,
                    "n_peak_mb": 0.0,
                    "n_python_fraction": 0,
                    "n_sys_percent": 0.0,
                    "n_usage_fraction": 0.0
                },
                {
                    "line": "    x = [i*i for i in range(0,100000)][99999]\n",
                    "lineno": 12,
                    "memory_samples": [
                        1.798074722290039,
                        1.6248598098754883,
                        1.624913215637207,
                        3.2757434844970703,
                        1.7981433868408203,
                        -0.05683708190917969,
                        0.0,
                        0.0,
                        0.0
                    ],
                    "n_avg_mb": 1.5563729368610146,
                    "n_copy_mb_s": 0.0,
                    "n_cpu_percent_c": 2.765133367696423,
                    "n_cpu_percent_python": 9.261952895032287,
                    "n_gpu_percent": 0,
                    "n_growth_mb": 1.5624465942382812,
                    "n_malloc_mb": 250.07018280029297,
                    "n_mallocs": 81,
                    "n_peak_mb": 1.5624465942382812,
                    "n_python_fraction": 0.07047404546184824,
                    "n_sys_percent": 0.29205141229556897,
                    "n_usage_fraction": 0.1036782158211244
                },
                {
                    "line": "    y1 = [i*i for i in range(0,200000)][199999]\n",
                    "lineno": 13,
                    "memory_samples": [
                        3.3059587478637695,
                        1.613560676574707,
                        3.3059587478637695,
                        7.523961067199707,
                        6.046360969543457,
                        4.568760871887207,
                        3.091160774230957,
                        1.613560676574707,
                        -0.02654552459716797
                    ],
                    "n_avg_mb": 7.33807071638696,
                    "n_copy_mb_s": 0.0,
                    "n_cpu_percent_c": 4.994650601886122,
                    "n_cpu_percent_python": 20.523290538434527,
                    "n_gpu_percent": 0,
                    "n_growth_mb": 7.430931091308594,
                    "n_malloc_mb": 601.8134460449219,
                    "n_mallocs": 81,
                    "n_peak_mb": 7.430931091308594,
                    "n_python_fraction": 0.11390362175979644,
                    "n_sys_percent": 0.8778710548972191,
                    "n_usage_fraction": 0.2495097322055739
                },
                {
                    "line": "    z1 = [i for i in range(0,300000)][299999]\n",
                    "lineno": 14,
                    "memory_samples": [
                        7.910870552062988,
                        11.287137031555176,
                        8.331944465637207,
                        5.376744270324707,
                        3.899144172668457,
                        -0.02624034881591797,
                        0.0,
                        0.0,
                        0.0
                    ],
                    "n_avg_mb": 13.24605522626712,
                    "n_copy_mb_s": 0.0,